{"cameraMode":{"drawMode":0,"name":"Shaded","section":"Shading Mode"},"sceneLighting":true,"audioPlay":false,"sceneViewState":{"m_AlwaysRefresh":false,"showFog":true,"showSkybox":true,"showFlares":true,"showImageEffects":true,"showParticleSystems":true,"showVisualEffectGraphs":true,"m_FxEnabled":true},"in2DMode":false,"pivot":{"x":-3.4817097187042238,"y":1.6435871124267579,"z":0.20824696123600007},"rotation":{"x":-0.00022012573026586324,"y":0.7412705421447754,"z":-0.0002186707715736702,"w":-0.671272873878479},"size":3.099996566772461,"orthographic":false}