{"cameraMode":{"drawMode":0,"name":"Shaded","section":"Shading Mode"},"sceneLighting":true,"audioPlay":false,"sceneViewState":{"m_AlwaysRefresh":false,"showFog":true,"showSkybox":true,"showFlares":true,"showImageEffects":true,"showParticleSystems":true,"showVisualEffectGraphs":true,"m_FxEnabled":true},"in2DMode":false,"pivot":{"x":1.7430944442749024,"y":1.1465857028961182,"z":-2.8326005935668947},"rotation":{"x":-0.08105120062828064,"y":0.911605954170227,"z":-0.21757663786411286,"w":-0.33935844898223879},"size":3.2615034580230715,"orthographic":false}